{"cameraMode":{"drawMode":0,"name":"Shaded","section":"Shading Mode"},"sceneLighting":false,"audioPlay":false,"sceneViewState":{"m_AlwaysRefresh":false,"showFog":true,"showSkybox":false,"showFlares":true,"showImageEffects":true,"showParticleSystems":true,"showVisualEffectGraphs":true,"m_FxEnabled":true},"in2DMode":false,"pivot":{"x":3.1214914321899416,"y":0.40964633226394656,"z":-0.11229121685028076},"rotation":{"x":-0.3398257791996002,"y":0.16993917524814607,"z":-0.06257776916027069,"w":-0.9228984713554382},"size":2.4096665382385256,"orthographic":false}