{"cameraMode":{"drawMode":0,"name":"Shaded","section":"Shading Mode"},"sceneLighting":false,"audioPlay":false,"sceneViewState":{"m_AlwaysRefresh":false,"showFog":true,"showSkybox":false,"showFlares":true,"showImageEffects":true,"showParticleSystems":true,"showVisualEffectGraphs":true,"m_FxEnabled":true},"in2DMode":false,"pivot":{"x":16.01897621154785,"y":6.640700817108154,"z":12.755916595458985},"rotation":{"x":0.2107967585325241,"y":0.00879763625562191,"z":-0.0018974292324855924,"w":0.9774899482727051},"size":3.556307792663574,"orthographic":false}