{"cameraMode":{"drawMode":0,"name":"Shaded","section":"Shading Mode"},"sceneLighting":false,"audioPlay":false,"sceneViewState":{"m_AlwaysRefresh":false,"showFog":true,"showSkybox":false,"showFlares":true,"showImageEffects":true,"showParticleSystems":true,"showVisualEffectGraphs":true,"m_FxEnabled":true},"in2DMode":false,"pivot":{"x":-0.34174591302871706,"y":1.3088785409927369,"z":-0.08926212787628174},"rotation":{"x":0.004131733905524015,"y":0.9902058243751526,"z":-0.030022958293557168,"w":0.13631287217140199},"size":1.891603708267212,"orthographic":false}