{"cameraMode":{"drawMode":0,"name":"Shaded","section":"Shading Mode"},"sceneLighting":false,"audioPlay":false,"sceneViewState":{"m_AlwaysRefresh":false,"showFog":true,"showSkybox":false,"showFlares":true,"showImageEffects":true,"showParticleSystems":true,"showVisualEffectGraphs":true,"m_FxEnabled":true},"in2DMode":false,"pivot":{"x":0.000050187110900878906,"y":0.8669485449790955,"z":-0.046044111251831058},"rotation":{"x":-0.040854573249816897,"y":0.8644959330558777,"z":-0.49590635299682619,"w":-0.0712222009897232},"size":1.4324841499328614,"orthographic":false}