{"cameraMode":{"drawMode":0,"name":"Shaded","section":"Shading Mode"},"sceneLighting":false,"audioPlay":false,"sceneViewState":{"m_AlwaysRefresh":false,"showFog":true,"showSkybox":false,"showFlares":true,"showImageEffects":true,"showParticleSystems":true,"showVisualEffectGraphs":true,"m_FxEnabled":true},"in2DMode":false,"pivot":{"x":0.00005030632019042969,"y":0.9053136110305786,"z":-0.08750662207603455},"rotation":{"x":-0.040854573249816897,"y":0.8644959330558777,"z":-0.49590635299682619,"w":-0.0712222009897232},"size":1.4690696001052857,"orthographic":false}