{"cameraMode":{"drawMode":0,"name":"Shaded","section":"Shading Mode"},"sceneLighting":false,"audioPlay":false,"sceneViewState":{"m_AlwaysRefresh":false,"showFog":true,"showSkybox":false,"showFlares":true,"showImageEffects":true,"showParticleSystems":true,"showVisualEffectGraphs":true,"m_FxEnabled":true},"in2DMode":false,"pivot":{"x":-0.00020825862884521484,"y":0.8889548778533936,"z":-0.06326836347579956},"rotation":{"x":-0.35049188137054446,"y":0.5957515239715576,"z":-0.3229973316192627,"w":-0.6464629769325256},"size":1.4483519792556763,"orthographic":false}