{"cameraMode":{"drawMode":0,"name":"Shaded","section":"Shading Mode"},"sceneLighting":false,"audioPlay":false,"sceneViewState":{"m_AlwaysRefresh":false,"showFog":true,"showSkybox":false,"showFlares":true,"showImageEffects":true,"showParticleSystems":true,"showVisualEffectGraphs":true,"m_FxEnabled":true},"in2DMode":false,"pivot":{"x":-0.07226234674453736,"y":0.7073454856872559,"z":-0.09965503215789795},"rotation":{"x":0.006657530087977648,"y":0.9313428997993469,"z":-0.36370956897735598,"w":0.0170455239713192},"size":1.1981242895126343,"orthographic":false}