{"cameraMode":{"drawMode":0,"name":"Shaded","section":"Shading Mode"},"sceneLighting":false,"audioPlay":false,"sceneViewState":{"m_AlwaysRefresh":false,"showFog":true,"showSkybox":false,"showFlares":true,"showImageEffects":true,"showParticleSystems":true,"showVisualEffectGraphs":true,"m_FxEnabled":true},"in2DMode":false,"pivot":{"x":0.8245214223861694,"y":1.3082914352416993,"z":0.28369802236557009},"rotation":{"x":-0.08006644994020462,"y":0.9079315662384033,"z":-0.35771143436431887,"w":-0.20322081446647645},"size":0.613097608089447,"orthographic":false}