{"cameraMode":{"drawMode":0,"name":"Shaded","section":"Shading Mode"},"sceneLighting":false,"audioPlay":false,"sceneViewState":{"m_AlwaysRefresh":false,"showFog":true,"showSkybox":false,"showFlares":true,"showImageEffects":true,"showParticleSystems":true,"showVisualEffectGraphs":true,"m_FxEnabled":true},"in2DMode":false,"pivot":{"x":-0.08008527755737305,"y":0.8442947864532471,"z":0.299064040184021},"rotation":{"x":-0.33286499977111819,"y":-0.26450979709625246,"z":0.09784289449453354,"w":-0.8998235464096069},"size":2.4461355209350588,"orthographic":false}