{"cameraMode":{"drawMode":0,"name":"Shaded","section":"Shading Mode"},"sceneLighting":false,"audioPlay":false,"sceneViewState":{"m_AlwaysRefresh":false,"showFog":true,"showSkybox":false,"showFlares":true,"showImageEffects":true,"showParticleSystems":true,"showVisualEffectGraphs":true,"m_FxEnabled":true},"in2DMode":false,"pivot":{"x":0.26252174377441409,"y":-0.16989657282829286,"z":0.24140164256095887},"rotation":{"x":-0.2580312192440033,"y":0.2283226102590561,"z":-0.0629003718495369,"w":-0.9366702437400818},"size":0.2978447675704956,"orthographic":false}