{"cameraMode":{"drawMode":0,"name":"Shaded","section":"Shading Mode"},"sceneLighting":false,"audioPlay":false,"sceneViewState":{"m_AlwaysRefresh":false,"showFog":true,"showSkybox":false,"showFlares":true,"showImageEffects":true,"showParticleSystems":true,"showVisualEffectGraphs":true,"m_FxEnabled":true},"in2DMode":false,"pivot":{"x":15.747389793395996,"y":8.389066696166993,"z":4.765848636627197},"rotation":{"x":0.21959830820560456,"y":0.008179006166756153,"z":-0.0018335183849558235,"w":0.9755485653877258},"size":1.224745273590088,"orthographic":false}