{"cameraMode":{"drawMode":0,"name":"Shaded","section":"Shading Mode"},"sceneLighting":false,"audioPlay":false,"sceneViewState":{"m_AlwaysRefresh":false,"showFog":true,"showSkybox":false,"showFlares":true,"showImageEffects":true,"showParticleSystems":true,"showVisualEffectGraphs":true,"m_FxEnabled":true},"in2DMode":false,"pivot":{"x":0.000054001808166503906,"y":0.8366086483001709,"z":-0.04894933104515076},"rotation":{"x":-0.040854573249816897,"y":0.8644959330558777,"z":-0.49590635299682619,"w":-0.0712222009897232},"size":1.4236506223678589,"orthographic":false}