{"cameraMode":{"drawMode":0,"name":"Shaded","section":"Shading Mode"},"sceneLighting":false,"audioPlay":false,"sceneViewState":{"m_AlwaysRefresh":false,"showFog":true,"showSkybox":false,"showFlares":true,"showImageEffects":true,"showParticleSystems":true,"showVisualEffectGraphs":true,"m_FxEnabled":true},"in2DMode":false,"pivot":{"x":25.241214752197267,"y":1.8771438598632813,"z":25.425334930419923},"rotation":{"x":-0.0029823295772075655,"y":0.9394109845161438,"z":-0.34270820021629336,"w":-0.008172479458153248},"size":0.2588159441947937,"orthographic":false}