{"cameraMode":{"drawMode":0,"name":"Shaded","section":"Shading Mode"},"sceneLighting":false,"audioPlay":false,"sceneViewState":{"m_AlwaysRefresh":false,"showFog":true,"showSkybox":false,"showFlares":true,"showImageEffects":true,"showParticleSystems":true,"showVisualEffectGraphs":true,"m_FxEnabled":true},"in2DMode":false,"pivot":{"x":25.00843620300293,"y":1.1457133293151856,"z":25.242284774780275},"rotation":{"x":-0.4922981262207031,"y":-0.015147523954510689,"z":0.008567827753722668,"w":-0.8702617287635803},"size":1.1851136684417725,"orthographic":false}